49518,Republic of Rwanda,RW,12301939,2021-08-16
51537,Somalia,SO,15008154,2022-04-16
69543,Republic of Yemen,YE,28498687,2021-08-16
99237,Republic of Iraq,IQ,38433600,2021-08-22
102358,Kingdom of Saudi Arabia,SA,33699947,2021-08-22
130758,Islamic Republic of Iran,IR,81800269,2022-08-04
146669,Republic of Cyprus,CY,1189265,2021-11-13
149590,United Republic of Tanzania,TZ,56318348,2021-08-16
163843,Syrian Arab Republic,SY,16906283,2021-08-16
174982,Republic of Armenia,AM,2951776,2021-08-16
192950,Republic of Kenya,KE,51393010,2021-08-16
203312,Democratic Republic of the Congo,CD,84068091,2022-01-26
223816,Republic of Djibouti,DJ,958920,2022-04-17
226074,Republic of Uganda,UG,42723139,2021-08-16
239880,Central African Republic,CF,4666377,2021-09-07
241170,Republic of Seychelles,SC,96762,2021-08-16
248816,Hashemite Kingdom of Jordan,JO,9956011,2021-08-21
272103,Lebanon,LB,6848925,2021-08-16
285570,State of Kuwait,KW,4137309,2021-08-16
286963,Sultanate of Oman,OM,4829483,2021-08-16
289688,State of Qatar,QA,2781677,2021-08-16
290291,Kingdom of Bahrain,BH,1569439,2021-08-16
290557,United Arab Emirates,AE,9630959,2021-08-16
294640,State of Israel,IL,8883800,2021-08-16
298795,Republic of Turkey,TR,82319724,2022-12-05
337996,Federal Democratic Republic of Ethiopia,ET,109224559,2021-08-16
338010,State of Eritrea,ER,6209262,2022-10-26
357994,Arab Republic of Egypt,EG,98423595,2021-08-16
366755,Republic of the Sudan,SD,41801533,2021-08-16
390903,Hellenic Republic,GR,10727668,2023-01-02
433561,Republic of Burundi,BI,11175378,2021-08-16
453733,Republic of Estonia,EE,1320884,2023-01-02
458258,Republic of Latvia,LV,1926542,2023-01-02
587116,Republic of Azerbaijan,AZ,9942334,2021-08-16
597427,Republic of Lithuania,LT,2789533,2023-01-02
614540,Georgia,GE,3731000,2021-08-16
617790,Republic of Moldova,MD,3545883,2021-08-22
630336,Republic of Belarus,BY,9485386,2022-10-31
660013,Republic of Finland,FI,5518050,2023-01-02
690791,Ukraine,UA,44622516,2022-12-09
718075,North Macedonia,MK,2082958,2021-11-13
719819,Hungary,HU,9768785,2023-01-02
732800,Republic of Bulgaria,BG,7000039,2021-11-13
783754,Republic of Albania,AL,2866376,2021-11-13
798544,Republic of Poland,PL,37978548,2023-01-02
798549,România,RO,19473936,2022-05-20
831053,Republic of Kosovo,XK,1845300,2021-09-10
878675,Republic of Zimbabwe,ZW,14439018,2021-08-16
895949,Republic of Zambia,ZM,17351822,2021-08-16
921929,Union of the Comoros,KM,832322,2022-05-04
927384,Republic of Malawi,MW,17563749,2021-08-16
932692,Kingdom of Lesotho,LS,2108132,2021-08-16
933860,Republic of Botswana,BW,2254126,2021-08-20
934292,Republic of Mauritius,MU,1265303,2021-08-22
934841,Eswatini,SZ,1136191,2022-07-07
953987,South Africa,ZA,57779622,2021-08-22
1036973,Republic of Mozambique,MZ,29495962,2021-08-16
1062947,Republic of Madagascar,MG,26262368,2021-08-16
1149361,Islamic Republic of Afghanistan,AF,37172386,2021-08-16
1168579,Islamic Republic of Pakistan,PK,212215030,2021-08-16
1210997,Bangladesh,BD,161356039,2021-08-16
1218197,Turkmenistan,TM,5850908,2021-08-16
1220409,Republic of Tajikistan,TJ,9100837,2021-08-16
1227603,Democratic Socialist Republic of Sri Lanka,LK,21670000,2021-08-16
1252634,Kingdom of Bhutan,BT,754394,2021-08-16
1269750,Republic of India,IN,1352617328,2021-08-16
1282028,Republic of Maldives,MV,515696,2021-08-16
1282988,Nepal,NP,28087871,2022-07-07
1327865,Union of Burma,MM,53708395,2022-07-14
1512440,Republic of Uzbekistan,UZ,32955400,2021-08-16
1522867,Republic of Kazakhstan,KZ,18276499,2021-08-16
1527747,Kyrgyz Republic,KG,6315800,2021-08-21
1562822,Socialist Republic of Vietnam,VN,95540395,2021-08-21
1605651,Kingdom of Thailand,TH,69428524,2021-08-16
1643084,Republic of Indonesia,ID,267663435,2022-06-20
1655842,Lao People’s Democratic Republic,LA,7061507,2021-08-16
1668284,Taiwan,TW,23451837,2022-06-05
1694008,Republic of the Philippines,PH,106651922,2021-08-16
1733045,Malaysia,MY,31528585,2021-08-16
1814991,People’s Republic of China,CN,1411778724,2022-12-05
1820814,Brunei Darussalam,BN,428962,2021-08-22
1831722,Kingdom of Cambodia,KH,16249798,2021-08-16
1835841,Republic of Korea,KR,51635256,2021-08-22
1861060,Japan,JP,126529100,2021-08-16
1873107,Democratic People’s Republic of Korea,KP,25549819,2022-12-09
1880251,Republic of Singapore,SG,5638676,2022-03-09
1966436,Democratic Republic of Timor-Leste,TL,1267972,2021-10-09
2017370,Russian Federation,RU,144478050,2022-12-10
2029969,Mongolia,MN,3170208,2021-08-16
2077456,Commonwealth of Australia,AU,24992369,2021-08-16
2088628,Independent State of Papua New Guinea,PG,8606316,2021-08-22
2103350,Solomon Islands,SB,652858,2021-08-22
2110297,Tuvalu,TV,11508,2021-08-21
2110425,Nauru,NR,12704,2021-08-16
2134431,Republic of Vanuatu,VU,292680,2022-01-31
2186224,New Zealand,NZ,4885500,2021-08-16
2205218,Republic of Fiji,FJ,883483,2021-08-16
2215636,Libya,LY,6678567,2021-08-22
2233387,Republic of Cameroon,CM,25216237,2021-08-16
2245662,Republic of Senegal,SN,15854360,2021-08-16
2260494,Republic of the Congo,CG,5244363,2022-01-26
2264397,Portuguese Republic,PT,10281762,2023-01-02
2275384,Republic of Liberia,LR,4818977,2021-08-16
2287781,Republic of Côte d’Ivoire,CI,25069229,2021-08-31
2300660,Republic of Ghana,GH,29767108,2021-08-16
2309096,Republic of Equatorial Guinea,GQ,1308974,2021-08-21
2328926,Federal Republic of Nigeria,NG,195874740,2021-08-16
2361809,Burkina Faso,BF,19751535,2021-08-16
2363686,Togolese Republic,TG,7889094,2021-08-16
2372248,Republic of Guinea-Bissau,GW,1874309,2021-08-16
2378080,Islamic Republic of Mauritania,MR,4403319,2021-08-16
2395170,Republic of Benin,BJ,11485048,2021-08-16
2400553,Gabonese Republic,GA,2119275,2021-08-16
2403846,Republic of Sierra Leone,SL,7650154,2021-08-16
2410758,Sao Tome and Principe,ST,197700,2021-08-23
2413451,Gambia,GM,2280102,2021-08-23
2420477,Republic of Guinea,GN,12414318,2022-07-06
2434508,Republic of Chad,TD,15477751,2021-08-16
2440476,Republic of Niger,NE,22442948,2021-08-16
2453866,Republic of Mali,ML,19077690,2021-08-16
2464461,Republic of Tunisia,TN,11565204,2021-08-16
2510769,Kingdom of Spain,ES,46723749,2023-01-02
2542007,Kingdom of Morocco,MA,36029138,2021-08-21
2562770,Republic of Malta,MT,483530,2023-01-02
2589581,People’s Democratic Republic of Algeria,DZ,42228429,2021-08-16
2623032,Kingdom of Denmark,DK,5797446,2023-01-02
2629691,Republic of Iceland,IS,353574,2023-01-02
2635167,United Kingdom of Great Britain and Northern Ireland,GB,66488991,2022-10-03
2658434,Switzerland,CH,8516543,2023-01-02
2661886,Kingdom of Sweden,SE,10183175,2023-01-02
2750405,Kingdom of the Netherlands,NL,17231017,2023-01-02
2782113,Republic of Austria,AT,8847037,2023-01-02
2802361,Kingdom of Belgium,BE,11422068,2023-01-02
2921044,Federal Republic of Germany,DE,82927922,2023-01-02
2960313,Grand Duchy of Luxembourg,LU,607728,2023-01-02
2963597,Ireland,IE,4853506,2021-11-13
2993457,Principality of Monaco,MC,38682,2021-08-22
3017382,Republic of France,FR,66987244,2023-01-02
3041565,Principality of Andorra,AD,77006,2021-08-21
3042058,Principality of Liechtenstein,LI,37910,2023-01-02
3057568,Slovak Republic,SK,5447011,2023-01-02
3077311,Czechia,CZ,10625695,2023-01-02
3144096,Kingdom of Norway,NO,5314336,2023-01-02
3164670,State of the Vatican City,VA,921,2021-08-21
3168068,Repubblica di San Marino,SM,33785,2021-08-16
3175395,Italian Republic,IT,60431283,2023-01-02
3190538,Republic of Slovenia,SI,2067372,2023-01-02
3194884,Montenegro,ME,622345,2021-11-13
3202326,Republic of Croatia,HR,4089400,2023-01-02
3277605,Bosnia and Herzegovina,BA,3323929,2021-08-19
3351879,Republic of Angola,AO,30809762,2021-08-16
3355338,Republic of Namibia,NA,2448255,2021-08-16
3374084,Barbados,BB,286641,2021-08-16
3374766,Republic of Cabo Verde,CV,543767,2021-09-10
3378535,Co-operative Republic of Guyana,GY,779004,2021-08-16
3382998,Republic of Suriname,SR,575991,2021-08-21
3437598,Republic of Paraguay,PY,6956071,2021-08-16
3439705,Oriental Republic of Uruguay,UY,3449299,2021-08-16
3469034,Federative Republic of Brazil,BR,209469333,2021-08-16
3489940,Jamaica,JM,2934855,2021-08-16
3508796,Dominican Republic,DO,10627165,2021-08-22
3562981,Republic of Cuba,CU,11338138,2021-08-21
3572887,Commonwealth of The Bahamas,BS,385640,2021-08-16
3573591,Republic of Trinidad and Tobago,TT,1389858,2021-08-26
3575174,Federation of Saint Kitts and Nevis,KN,52441,2021-08-24
3575830,Dominica,DM,71625,2022-08-05
3576396,Antigua and Barbuda,AG,96286,2021-08-26
3576468,Saint Lucia,LC,181889,2021-08-23
3577815,Saint Vincent and the Grenadines,VC,110211,2021-08-24
3580239,Grenada,GD,111454,2021-08-16
3582678,Belize,BZ,383071,2021-08-16
3585968,Republic of El Salvador,SV,6420744,2021-08-16
3595528,Republic of Guatemala,GT,17247807,2021-08-16
3608932,Republic of Honduras,HN,9587522,2021-08-16
3617476,Republic of Nicaragua,NI,6465513,2021-08-20
3624060,Republic of Costa Rica,CR,4999441,2021-08-16
3625428,Bolivarian Republic of Venezuela,VE,28870195,2021-08-16
3658394,Republic of Ecuador,EC,17084357,2021-08-16
3686110,Republic of Colombia,CO,49648685,2021-08-16
3703430,Republic of Panama,PA,4176873,2021-08-16
3723988,Republic of Haiti,HT,11123176,2021-08-16
3865483,Argentine Republic,AR,44494502,2021-08-16
3895114,Republic of Chile,CL,18729160,2021-08-16
3923057,Plurinational State of Bolivia,BO,11353142,2021-08-16
3932488,Republic of Peru,PE,31989256,2021-08-16
3996063,Mexico,MX,126190788,2021-08-16
4030945,Republic of Kiribati,KI,115847,2021-08-16
4032283,Kingdom of Tonga,TO,103197,2021-08-16
4034894,Independent State of Samoa,WS,196130,2021-08-16
6251999,Canada,CA,37058856,2021-08-16
6252001,United States,US,327167434,2022-04-06
6290252,Serbia,RS,6982084,2021-11-13
7909807,South Sudan,SS,8260490,2021-08-22
